<?xml version="1.0" encoding="UTF-8"?>
<GenRun Id="impl_1" LaunchPart="xc7a35tcpg236-1" LaunchTime="1730029808">
  <File Type="ROUTE-PWR" Name="Top_student_power_routed.rpt"/>
  <File Type="PA-TCL" Name="Top_student.tcl"/>
  <File Type="BITSTR-BMM" Name="Top_student_bd.bmm"/>
  <File Type="ROUTE-PWR-SUM" Name="Top_student_power_summary_routed.pb"/>
  <File Type="REPORTS-TCL" Name="Top_student_reports.tcl"/>
  <File Type="OPT-DCP" Name="Top_student_opt.dcp"/>
  <File Type="OPT-DRC" Name="Top_student_drc_opted.rpt"/>
  <File Type="OPT-HWDEF" Name="Top_student.hwdef"/>
  <File Type="PWROPT-DCP" Name="Top_student_pwropt.dcp"/>
  <File Type="PLACE-DCP" Name="Top_student_placed.dcp"/>
  <File Type="PLACE-IO" Name="Top_student_io_placed.rpt"/>
  <File Type="PLACE-UTIL" Name="Top_student_utilization_placed.rpt"/>
  <File Type="PLACE-UTIL-PB" Name="Top_student_utilization_placed.pb"/>
  <File Type="PLACE-CTRL" Name="Top_student_control_sets_placed.rpt"/>
  <File Type="PLACE-PRE-SIMILARITY" Name="Top_student_incremental_reuse_pre_placed.rpt"/>
  <File Type="BG-BGN" Name="Top_student.bgn"/>
  <File Type="POSTPLACE-PWROPT-DCP" Name="Top_student_postplace_pwropt.dcp"/>
  <File Type="BG-BIN" Name="Top_student.bin"/>
  <File Type="PHYSOPT-DCP" Name="Top_student_physopt.dcp"/>
  <File Type="BITSTR-MSK" Name="Top_student.msk"/>
  <File Type="ROUTE-ERROR-DCP" Name="Top_student_routed_error.dcp"/>
  <File Type="ROUTE-DCP" Name="Top_student_routed.dcp"/>
  <File Type="ROUTE-BLACKBOX-DCP" Name="Top_student_routed_bb.dcp"/>
  <File Type="ROUTE-DRC" Name="Top_student_drc_routed.rpt"/>
  <File Type="ROUTE-DRC-PB" Name="Top_student_drc_routed.pb"/>
  <File Type="ROUTE-DRC-RPX" Name="Top_student_drc_routed.rpx"/>
  <File Type="BITSTR-LTX" Name="Top_student.ltx"/>
  <File Type="ROUTE-METHODOLOGY-DRC" Name="Top_student_methodology_drc_routed.rpt"/>
  <File Type="BITSTR-MMI" Name="Top_student.mmi"/>
  <File Type="ROUTE-METHODOLOGY-DRC-RPX" Name="Top_student_methodology_drc_routed.rpx"/>
  <File Type="ROUTE-METHODOLOGY-DRC-PB" Name="Top_student_methodology_drc_routed.pb"/>
  <File Type="BITSTR-SYSDEF" Name="Top_student.sysdef"/>
  <File Type="ROUTE-PWR-RPX" Name="Top_student_power_routed.rpx"/>
  <File Type="ROUTE-STATUS" Name="Top_student_route_status.rpt"/>
  <File Type="ROUTE-STATUS-PB" Name="Top_student_route_status.pb"/>
  <File Type="ROUTE-TIMINGSUMMARY" Name="Top_student_timing_summary_routed.rpt"/>
  <File Type="ROUTE-TIMING-PB" Name="Top_student_timing_summary_routed.pb"/>
  <File Type="ROUTE-TIMING-RPX" Name="Top_student_timing_summary_routed.rpx"/>
  <File Type="ROUTE-CLK" Name="Top_student_clock_utilization_routed.rpt"/>
  <File Type="ROUTE-BUS-SKEW" Name="Top_student_bus_skew_routed.rpt"/>
  <File Type="ROUTE-BUS-SKEW-PB" Name="Top_student_bus_skew_routed.pb"/>
  <File Type="ROUTE-BUS-SKEW-RPX" Name="Top_student_bus_skew_routed.rpx"/>
  <File Type="POSTROUTE-PHYSOPT-DCP" Name="Top_student_postroute_physopt.dcp"/>
  <File Type="POSTROUTE-PHYSOPT-BLACKBOX-DCP" Name="Top_student_postroute_physopt_bb.dcp"/>
  <File Type="BG-BIT" Name="Top_student.bit"/>
  <File Type="BITSTR-RBT" Name="Top_student.rbt"/>
  <File Type="BITSTR-NKY" Name="Top_student.nky"/>
  <File Type="BG-DRC" Name="Top_student.drc"/>
  <File Type="RDI-RDI" Name="Top_student.vdi"/>
  <File Type="WBT-USG" Name="usage_statistics_webtalk.html"/>
  <FileSet Name="sources" Type="DesignSrcs" RelSrcDir="$PSRCDIR/sources_1">
    <Filter Type="Srcs"/>
    <File Path="$PSRCDIR/sources_1/new/Bob_the_wizard.v">
      <FileInfo>
        <Attr Name="ImportPath" Val="$PPRDIR/../../../../../../../../Week_8_animations/Week_8_animations.srcs/sources_1/new/Bob_the_wizard.v"/>
        <Attr Name="ImportTime" Val="1730029802"/>
        <Attr Name="UsedIn" Val="synthesis"/>
        <Attr Name="UsedIn" Val="implementation"/>
        <Attr Name="UsedIn" Val="simulation"/>
      </FileInfo>
    </File>
    <File Path="$PSRCDIR/sources_1/new/Oled_Display.v">
      <FileInfo>
        <Attr Name="ImportPath" Val="$PPRDIR/../../../../../../../../Week_8_animations/Week_8_animations.srcs/sources_1/new/Oled_Display.v"/>
        <Attr Name="ImportTime" Val="1728724184"/>
        <Attr Name="UsedIn" Val="synthesis"/>
        <Attr Name="UsedIn" Val="implementation"/>
        <Attr Name="UsedIn" Val="simulation"/>
      </FileInfo>
    </File>
    <File Path="$PSRCDIR/sources_1/new/bob_arm.v">
      <FileInfo>
        <Attr Name="ImportPath" Val="$PPRDIR/../../../../../../../../Week_8_animations/Week_8_animations.srcs/sources_1/new/bob_arm.v"/>
        <Attr Name="ImportTime" Val="1730029250"/>
        <Attr Name="UsedIn" Val="synthesis"/>
        <Attr Name="UsedIn" Val="implementation"/>
        <Attr Name="UsedIn" Val="simulation"/>
      </FileInfo>
    </File>
    <File Path="$PSRCDIR/sources_1/new/bob_arm_attack.v">
      <FileInfo>
        <Attr Name="ImportPath" Val="$PPRDIR/../../../../../../../../Week_8_animations/Week_8_animations.srcs/sources_1/new/bob_arm_attack.v"/>
        <Attr Name="ImportTime" Val="1730029290"/>
        <Attr Name="UsedIn" Val="synthesis"/>
        <Attr Name="UsedIn" Val="implementation"/>
        <Attr Name="UsedIn" Val="simulation"/>
      </FileInfo>
    </File>
    <File Path="$PSRCDIR/sources_1/new/bob_head_n_body.v">
      <FileInfo>
        <Attr Name="ImportPath" Val="$PPRDIR/../../../../../../../../Week_8_animations/Week_8_animations.srcs/sources_1/new/bob_head_n_body.v"/>
        <Attr Name="ImportTime" Val="1730029301"/>
        <Attr Name="UsedIn" Val="synthesis"/>
        <Attr Name="UsedIn" Val="implementation"/>
        <Attr Name="UsedIn" Val="simulation"/>
      </FileInfo>
    </File>
    <File Path="$PSRCDIR/sources_1/new/flexi_clock.v">
      <FileInfo>
        <Attr Name="ImportPath" Val="$PPRDIR/../../../../../../../../Week_8_animations/Week_8_animations.srcs/sources_1/new/flexi_clock.v"/>
        <Attr Name="ImportTime" Val="1728724459"/>
        <Attr Name="UsedIn" Val="synthesis"/>
        <Attr Name="UsedIn" Val="implementation"/>
        <Attr Name="UsedIn" Val="simulation"/>
      </FileInfo>
    </File>
    <File Path="$PSRCDIR/sources_1/new/mainscreen_background.v">
      <FileInfo>
        <Attr Name="ImportPath" Val="$PPRDIR/../../../../../../../../Week_8_animations/Week_8_animations.srcs/sources_1/new/mainscreen_background.v"/>
        <Attr Name="ImportTime" Val="1730027506"/>
        <Attr Name="UsedIn" Val="synthesis"/>
        <Attr Name="UsedIn" Val="implementation"/>
        <Attr Name="UsedIn" Val="simulation"/>
      </FileInfo>
    </File>
    <File Path="$PSRCDIR/sources_1/new/paper_airplane_attack.v">
      <FileInfo>
        <Attr Name="ImportPath" Val="$PPRDIR/../../../../../../../../Week_8_animations/Week_8_animations.srcs/sources_1/new/paper_airplane_attack.v"/>
        <Attr Name="ImportTime" Val="1730029299"/>
        <Attr Name="UsedIn" Val="synthesis"/>
        <Attr Name="UsedIn" Val="implementation"/>
        <Attr Name="UsedIn" Val="simulation"/>
      </FileInfo>
    </File>
    <File Path="$PSRCDIR/sources_1/new/paper_clip_attack.v">
      <FileInfo>
        <Attr Name="ImportPath" Val="$PPRDIR/../../../../../../../../Week_8_animations/Week_8_animations.srcs/sources_1/new/paper_clip_attack.v"/>
        <Attr Name="ImportTime" Val="1730029689"/>
        <Attr Name="UsedIn" Val="synthesis"/>
        <Attr Name="UsedIn" Val="implementation"/>
        <Attr Name="UsedIn" Val="simulation"/>
      </FileInfo>
    </File>
    <File Path="$PSRCDIR/sources_1/new/paper_tack_attack.v">
      <FileInfo>
        <Attr Name="ImportPath" Val="$PPRDIR/../../../../../../../../Week_8_animations/Week_8_animations.srcs/sources_1/new/paper_tack_attack.v"/>
        <Attr Name="ImportTime" Val="1730030082"/>
        <Attr Name="UsedIn" Val="synthesis"/>
        <Attr Name="UsedIn" Val="implementation"/>
        <Attr Name="UsedIn" Val="simulation"/>
      </FileInfo>
    </File>
    <File Path="$PSRCDIR/sources_1/new/rock_attack.v">
      <FileInfo>
        <Attr Name="ImportPath" Val="$PPRDIR/../../../../../../../../Week_8_animations/Week_8_animations.srcs/sources_1/new/rock_attack.v"/>
        <Attr Name="ImportTime" Val="1729952293"/>
        <Attr Name="UsedIn" Val="synthesis"/>
        <Attr Name="UsedIn" Val="implementation"/>
        <Attr Name="UsedIn" Val="simulation"/>
      </FileInfo>
    </File>
    <File Path="$PSRCDIR/sources_1/new/scissor_close_attack.v">
      <FileInfo>
        <Attr Name="ImportPath" Val="$PPRDIR/../../../../../../../../Week_8_animations/Week_8_animations.srcs/sources_1/new/scissor_close_attack.v"/>
        <Attr Name="ImportTime" Val="1729962617"/>
        <Attr Name="UsedIn" Val="synthesis"/>
        <Attr Name="UsedIn" Val="implementation"/>
        <Attr Name="UsedIn" Val="simulation"/>
      </FileInfo>
    </File>
    <File Path="$PSRCDIR/sources_1/new/scissor_open_attack.v">
      <FileInfo>
        <Attr Name="ImportPath" Val="$PPRDIR/../../../../../../../../Week_8_animations/Week_8_animations.srcs/sources_1/new/scissor_open_attack.v"/>
        <Attr Name="ImportTime" Val="1729961604"/>
        <Attr Name="UsedIn" Val="synthesis"/>
        <Attr Name="UsedIn" Val="implementation"/>
        <Attr Name="UsedIn" Val="simulation"/>
      </FileInfo>
    </File>
    <File Path="$PSRCDIR/sources_1/new/Top_student.v">
      <FileInfo>
        <Attr Name="ImportPath" Val="$PPRDIR/../../../../../../../../Week_8_animations/Week_8_animations.srcs/sources_1/new/Top_student.v"/>
        <Attr Name="ImportTime" Val="1730027765"/>
        <Attr Name="UsedIn" Val="synthesis"/>
        <Attr Name="UsedIn" Val="implementation"/>
        <Attr Name="UsedIn" Val="simulation"/>
      </FileInfo>
    </File>
    <File Path="$PSRCDIR/sources_1/new/attack_animations.v">
      <FileInfo>
        <Attr Name="UserDisabled" Val="1"/>
        <Attr Name="ImportPath" Val="$PPRDIR/../../../../../../../../Week_8_animations/Week_8_animations.srcs/sources_1/new/attack_animations.v"/>
        <Attr Name="ImportTime" Val="1729862644"/>
        <Attr Name="UsedIn" Val="synthesis"/>
        <Attr Name="UsedIn" Val="implementation"/>
        <Attr Name="UsedIn" Val="simulation"/>
      </FileInfo>
    </File>
    <File Path="$PSRCDIR/sources_1/new/ind_to_coor.v">
      <FileInfo>
        <Attr Name="AutoDisabled" Val="1"/>
        <Attr Name="ImportPath" Val="$PPRDIR/../../../../../../../../Week_8_animations/Week_8_animations.srcs/sources_1/new/ind_to_coor.v"/>
        <Attr Name="ImportTime" Val="1729417520"/>
        <Attr Name="UsedIn" Val="synthesis"/>
        <Attr Name="UsedIn" Val="implementation"/>
        <Attr Name="UsedIn" Val="simulation"/>
      </FileInfo>
    </File>
    <File Path="$PSRCDIR/sources_1/new/img_to_oled.v">
      <FileInfo>
        <Attr Name="AutoDisabled" Val="1"/>
        <Attr Name="ImportPath" Val="$PPRDIR/../../../../../../../../Week_8_animations/Week_8_animations.srcs/sources_1/new/img_to_oled.v"/>
        <Attr Name="ImportTime" Val="1729257968"/>
        <Attr Name="UsedIn" Val="synthesis"/>
        <Attr Name="UsedIn" Val="implementation"/>
        <Attr Name="UsedIn" Val="simulation"/>
      </FileInfo>
    </File>
    <File Path="$PSRCDIR/sources_1/new/gif_to_oled.v">
      <FileInfo>
        <Attr Name="AutoDisabled" Val="1"/>
        <Attr Name="ImportPath" Val="$PPRDIR/../../../../../../../../Week_8_animations/Week_8_animations.srcs/sources_1/new/gif_to_oled.v"/>
        <Attr Name="ImportTime" Val="1728742470"/>
        <Attr Name="UsedIn" Val="synthesis"/>
        <Attr Name="UsedIn" Val="implementation"/>
        <Attr Name="UsedIn" Val="simulation"/>
      </FileInfo>
    </File>
    <File Path="$PSRCDIR/sources_1/new/memory_bram.v">
      <FileInfo>
        <Attr Name="AutoDisabled" Val="1"/>
        <Attr Name="ImportPath" Val="$PPRDIR/../../../../../../../../Week_8_animations/Week_8_animations.srcs/sources_1/new/memory_bram.v"/>
        <Attr Name="ImportTime" Val="1728728876"/>
        <Attr Name="UsedIn" Val="synthesis"/>
        <Attr Name="UsedIn" Val="implementation"/>
        <Attr Name="UsedIn" Val="simulation"/>
      </FileInfo>
    </File>
    <File Path="$PSRCDIR/sources_1/animations_frames_1.coe">
      <FileInfo>
        <Attr Name="ImportPath" Val="$PPRDIR/../../../../../../../../Week_8_animations/Week_8_animations.srcs/sources_1/animations_frames_1.coe"/>
        <Attr Name="ImportTime" Val="1728744527"/>
        <Attr Name="UsedIn" Val="synthesis"/>
        <Attr Name="UsedIn" Val="simulation"/>
      </FileInfo>
    </File>
    <Config>
      <Option Name="DesignMode" Val="RTL"/>
      <Option Name="TopModule" Val="Top_student"/>
    </Config>
  </FileSet>
  <FileSet Name="constrs_in" Type="Constrs" RelSrcDir="$PSRCDIR/constrs_1">
    <Filter Type="Constrs"/>
    <File Path="$PSRCDIR/constrs_1/new/basys3_master.xdc">
      <FileInfo>
        <Attr Name="ImportPath" Val="$PPRDIR/../../../../../../../../Week_8_animations/Week_8_animations.srcs/constrs_1/new/basys3_master.xdc"/>
        <Attr Name="ImportTime" Val="1730027791"/>
        <Attr Name="UsedIn" Val="synthesis"/>
        <Attr Name="UsedIn" Val="implementation"/>
      </FileInfo>
    </File>
    <Config>
      <Option Name="ConstrsType" Val="XDC"/>
    </Config>
  </FileSet>
  <Strategy Version="1" Minor="2">
    <StratHandle Name="Vivado Implementation Defaults" Flow="Vivado Implementation 2018"/>
    <Step Id="init_design"/>
    <Step Id="opt_design"/>
    <Step Id="power_opt_design"/>
    <Step Id="place_design"/>
    <Step Id="post_place_power_opt_design"/>
    <Step Id="phys_opt_design"/>
    <Step Id="route_design"/>
    <Step Id="post_route_phys_opt_design"/>
    <Step Id="write_bitstream"/>
  </Strategy>
</GenRun>
